RelativePath,Filename,PlotSize,FloorLevel,PlanType,FP_Number,Version,TargetWidth,TargetHeight,Count_Amber,Count_Backyard,Count_Bathroom,Count_Bedroom,Count_Dining,Count_Drawing Room,Count_Dressing Area,Count_Garage,Count_Kitchen,Count_Laundry,Count_Lawn,Count_Library,Count_Lobby,Count_Lounge/Sitting Area,Count_Open Space,Count_Passage,Count_Prayer Room,Count_Servant Quarters,Count_Side Garden,Count_Staircase,Count_Stairs,Count_Storage Room/Store
5_marla/5Marla_GF_FP_001_V01.png,5Marla_GF_FP_001_V01.png,5Marla,GF,FP,1,V01,608,1088,0,0,3,2,0,1,0,1,1,0,0,0,1,0,2,0,0,0,0,0,16,0
5_marla/5Marla_GF_FP_001_V02.png,5Marla_GF_FP_001_V02.png,5Marla,GF,FP,1,V02,608,1088,0,0,3,2,0,1,0,1,1,0,0,0,1,0,2,0,0,0,0,0,16,0
5_marla/5Marla_GF_FP_001_V03.png,5Marla_GF_FP_001_V03.png,5Marla,GF,FP,1,V03,608,1088,0,0,3,2,0,1,0,1,1,0,0,0,1,0,2,0,0,0,0,0,16,0
5_marla/5Marla_GF_FP_001_V04.png,5Marla_GF_FP_001_V04.png,5Marla,GF,FP,1,V04,608,1088,0,0,3,2,0,1,0,1,1,0,0,0,1,0,2,0,0,0,0,0,16,0
5_marla/5Marla_GF_FP_002_V01.png,5Marla_GF_FP_002_V01.png,5Marla,GF,FP,2,V01,608,1088,0,0,1,1,0,1,0,1,1,0,0,0,0,1,0,0,0,0,0,0,23,0
5_marla/5Marla_GF_FP_002_V02.png,5Marla_GF_FP_002_V02.png,5Marla,GF,FP,2,V02,608,1088,0,0,1,1,0,1,0,1,1,0,0,0,0,1,0,0,0,0,0,0,23,0
5_marla/5Marla_GF_FP_002_V03.png,5Marla_GF_FP_002_V03.png,5Marla,GF,FP,2,V03,608,1088,0,0,1,1,0,1,0,1,1,0,0,0,0,1,0,0,0,0,0,0,23,0
5_marla/5Marla_GF_FP_002_V04.png,5Marla_GF_FP_002_V04.png,5Marla,GF,FP,2,V04,608,1088,0,0,1,1,0,1,0,1,1,0,0,0,0,1,0,0,0,0,0,0,23,0
5_marla/5Marla_GF_FP_003_V01.png,5Marla_GF_FP_003_V01.png,5Marla,GF,FP,3,V01,608,1088,0,0,2,3,0,1,0,1,1,0,0,0,1,0,0,0,0,0,0,0,13,0
5_marla/5Marla_GF_FP_003_V02.png,5Marla_GF_FP_003_V02.png,5Marla,GF,FP,3,V02,608,1088,0,0,2,3,0,1,0,1,1,0,0,0,1,0,0,0,0,0,0,0,13,0
5_marla/5Marla_GF_FP_003_V03.png,5Marla_GF_FP_003_V03.png,5Marla,GF,FP,3,V03,608,1088,0,0,2,3,0,1,0,1,1,0,0,0,1,0,0,0,0,0,0,0,13,0
5_marla/5Marla_GF_FP_003_V04.png,5Marla_GF_FP_003_V04.png,5Marla,GF,FP,3,V04,608,1088,0,0,2,3,0,1,0,1,1,0,0,0,1,0,0,0,0,0,0,0,13,0
5_marla/5Marla_GF_FP_004_V01.png,5Marla_GF_FP_004_V01.png,5Marla,GF,FP,4,V01,608,1088,0,0,2,2,0,1,0,1,1,1,0,0,0,1,0,0,0,0,0,0,21,0
5_marla/5Marla_GF_FP_004_V02.png,5Marla_GF_FP_004_V02.png,5Marla,GF,FP,4,V02,608,1088,0,0,2,2,0,1,0,1,1,1,0,0,0,1,0,0,0,0,0,0,21,0
5_marla/5Marla_GF_FP_004_V03.png,5Marla_GF_FP_004_V03.png,5Marla,GF,FP,4,V03,608,1088,0,0,2,2,0,1,0,1,1,1,0,0,0,1,0,0,0,0,0,0,21,0
5_marla/5Marla_GF_FP_004_V04.png,5Marla_GF_FP_004_V04.png,5Marla,GF,FP,4,V04,608,1088,0,0,2,2,0,1,0,1,1,1,0,0,0,1,0,0,0,0,0,0,21,0
5_marla/5Marla_GF_FP_005_V01.png,5Marla_GF_FP_005_V01.png,5Marla,GF,FP,5,V01,608,1088,0,0,4,2,0,1,0,1,1,1,0,0,0,1,0,0,0,0,0,0,21,0
5_marla/5Marla_GF_FP_005_V02.png,5Marla_GF_FP_005_V02.png,5Marla,GF,FP,5,V02,608,1088,0,0,4,2,0,1,0,1,1,1,0,0,0,1,0,0,0,0,0,0,21,0
5_marla/5Marla_GF_FP_005_V03.png,5Marla_GF_FP_005_V03.png,5Marla,GF,FP,5,V03,608,1088,0,0,4,2,0,1,0,1,1,1,0,0,0,1,0,0,0,0,0,0,21,0
5_marla/5Marla_GF_FP_005_V04.png,5Marla_GF_FP_005_V04.png,5Marla,GF,FP,5,V04,608,1088,0,0,4,2,0,1,0,1,1,1,0,0,0,1,0,0,0,0,0,0,21,0
5_marla/5Marla_GF_FP_006_V01.png,5Marla_GF_FP_006_V01.png,5Marla,GF,FP,6,V01,608,1088,0,0,2,2,1,0,0,1,1,0,0,0,1,1,0,1,0,0,0,0,13,0
5_marla/5Marla_GF_FP_006_V02.png,5Marla_GF_FP_006_V02.png,5Marla,GF,FP,6,V02,608,1088,0,0,2,2,1,0,0,1,1,0,0,0,1,1,0,1,0,0,0,0,13,0
5_marla/5Marla_GF_FP_006_V03.png,5Marla_GF_FP_006_V03.png,5Marla,GF,FP,6,V03,608,1088,0,0,2,2,1,0,0,1,1,0,0,0,1,1,0,1,0,0,0,0,13,0
5_marla/5Marla_GF_FP_006_V04.png,5Marla_GF_FP_006_V04.png,5Marla,GF,FP,6,V04,608,1088,0,0,2,2,1,0,0,1,1,0,0,0,1,1,0,1,0,0,0,0,13,0
5_marla/5Marla_GF_FP_007_V01.png,5Marla_GF_FP_007_V01.png,5Marla,GF,FP,7,V01,608,1088,0,0,2,2,0,0,1,1,1,1,1,0,1,1,1,0,0,0,0,0,19,0
5_marla/5Marla_GF_FP_007_V02.png,5Marla_GF_FP_007_V02.png,5Marla,GF,FP,7,V02,608,1088,0,0,2,2,0,0,1,1,1,1,1,0,1,1,1,0,0,0,0,0,19,0
5_marla/5Marla_GF_FP_007_V03.png,5Marla_GF_FP_007_V03.png,5Marla,GF,FP,7,V03,608,1088,0,0,2,2,0,0,1,1,1,1,1,0,1,1,1,0,0,0,0,0,19,0
5_marla/5Marla_GF_FP_007_V04.png,5Marla_GF_FP_007_V04.png,5Marla,GF,FP,7,V04,608,1088,0,0,2,2,0,0,1,1,1,1,1,0,1,1,1,0,0,0,0,0,19,0
5_marla/5Marla_GF_FP_008_V01.png,5Marla_GF_FP_008_V01.png,5Marla,GF,FP,8,V01,608,1088,0,0,2,2,0,0,0,2,1,0,0,0,1,1,1,0,1,0,0,0,19,1
5_marla/5Marla_GF_FP_008_V02.png,5Marla_GF_FP_008_V02.png,5Marla,GF,FP,8,V02,608,1088,0,0,2,2,0,0,0,2,1,0,0,0,1,1,1,0,1,0,0,0,19,1
5_marla/5Marla_GF_FP_008_V03.png,5Marla_GF_FP_008_V03.png,5Marla,GF,FP,8,V03,608,1088,0,0,2,2,0,0,0,2,1,0,0,0,1,1,1,0,1,0,0,0,19,1
5_marla/5Marla_GF_FP_008_V04.png,5Marla_GF_FP_008_V04.png,5Marla,GF,FP,8,V04,608,1088,0,0,2,2,0,0,0,2,1,0,0,0,1,1,1,0,1,0,0,0,19,1
5_marla/5Marla_GF_FP_009_V01.png,5Marla_GF_FP_009_V01.png,5Marla,GF,FP,9,V01,608,1088,0,0,2,1,0,1,0,1,1,0,0,0,0,1,0,0,0,0,0,0,19,0
5_marla/5Marla_GF_FP_009_V02.png,5Marla_GF_FP_009_V02.png,5Marla,GF,FP,9,V02,608,1088,0,0,2,1,0,1,0,1,1,0,0,0,0,1,0,0,0,0,0,0,19,0
5_marla/5Marla_GF_FP_009_V03.png,5Marla_GF_FP_009_V03.png,5Marla,GF,FP,9,V03,608,1088,0,0,2,1,0,1,0,1,1,0,0,0,0,1,0,0,0,0,0,0,19,0
5_marla/5Marla_GF_FP_009_V04.png,5Marla_GF_FP_009_V04.png,5Marla,GF,FP,9,V04,608,1088,0,0,2,1,0,1,0,1,1,0,0,0,0,1,0,0,0,0,0,0,19,0
5_marla/5Marla_GF_FP_010_V01.png,5Marla_GF_FP_010_V01.png,5Marla,GF,FP,10,V01,608,1088,0,0,2,2,1,0,0,1,1,0,0,0,1,1,0,0,0,0,0,0,15,0
5_marla/5Marla_GF_FP_010_V02.png,5Marla_GF_FP_010_V02.png,5Marla,GF,FP,10,V02,608,1088,0,0,2,2,1,0,0,1,1,0,0,0,1,1,0,0,0,0,0,0,15,0
5_marla/5Marla_GF_FP_010_V03.png,5Marla_GF_FP_010_V03.png,5Marla,GF,FP,10,V03,608,1088,0,0,2,2,1,0,0,1,1,0,0,0,1,1,0,0,0,0,0,0,15,0
5_marla/5Marla_GF_FP_010_V04.png,5Marla_GF_FP_010_V04.png,5Marla,GF,FP,10,V04,608,1088,0,0,2,2,1,0,0,1,1,0,0,0,1,1,0,0,0,0,0,0,15,0
10_marla/10Marla_GF_FP_001_V01.png,10Marla_GF_FP_001_V01.png,10Marla,GF,FP,1,V01,849,1570,0,0,2,1,0,1,0,1,1,0,1,0,1,1,0,1,0,0,0,0,14,0
10_marla/10Marla_GF_FP_001_V02.png,10Marla_GF_FP_001_V02.png,10Marla,GF,FP,1,V02,849,1570,0,0,2,1,0,1,0,1,1,0,1,0,1,1,0,1,0,0,0,0,14,0
10_marla/10Marla_GF_FP_001_V03.png,10Marla_GF_FP_001_V03.png,10Marla,GF,FP,1,V03,849,1570,0,0,2,1,0,1,0,1,1,0,1,0,1,1,0,1,0,0,0,0,14,0
10_marla/10Marla_GF_FP_001_V04.png,10Marla_GF_FP_001_V04.png,10Marla,GF,FP,1,V04,849,1570,0,0,2,1,0,1,0,1,1,0,1,0,1,1,0,1,0,0,0,0,14,0
10_marla/10Marla_GF_FP_002_V01.png,10Marla_GF_FP_002_V01.png,10Marla,GF,FP,2,V01,849,1570,0,0,3,2,0,1,0,1,1,0,0,0,1,1,0,1,0,0,0,0,6,0
10_marla/10Marla_GF_FP_002_V02.png,10Marla_GF_FP_002_V02.png,10Marla,GF,FP,2,V02,849,1570,0,0,3,2,0,1,0,1,1,0,0,0,1,1,0,1,0,0,0,0,6,0
10_marla/10Marla_GF_FP_002_V03.png,10Marla_GF_FP_002_V03.png,10Marla,GF,FP,2,V03,849,1570,0,0,3,2,0,1,0,1,1,0,0,0,1,1,0,1,0,0,0,0,6,0
10_marla/10Marla_GF_FP_002_V04.png,10Marla_GF_FP_002_V04.png,10Marla,GF,FP,2,V04,849,1570,0,0,3,2,0,1,0,1,1,0,0,0,1,1,0,1,0,0,0,0,6,0
10_marla/10Marla_GF_FP_003_V01.png,10Marla_GF_FP_003_V01.png,10Marla,GF,FP,3,V01,849,1570,0,0,2,1,1,1,0,1,1,0,1,0,1,1,0,1,0,0,0,0,9,0
10_marla/10Marla_GF_FP_003_V02.png,10Marla_GF_FP_003_V02.png,10Marla,GF,FP,3,V02,849,1570,0,0,2,1,1,1,0,1,1,0,1,0,1,1,0,1,0,0,0,0,9,0
10_marla/10Marla_GF_FP_003_V03.png,10Marla_GF_FP_003_V03.png,10Marla,GF,FP,3,V03,849,1570,0,0,2,1,1,1,0,1,1,0,1,0,1,1,0,1,0,0,0,0,9,0
10_marla/10Marla_GF_FP_003_V04.png,10Marla_GF_FP_003_V04.png,10Marla,GF,FP,3,V04,849,1570,0,0,2,1,1,1,0,1,1,0,1,0,1,1,0,1,0,0,0,0,9,0
10_marla/10Marla_GF_FP_004_V01.png,10Marla_GF_FP_004_V01.png,10Marla,GF,FP,4,V01,849,1570,0,0,3,2,1,1,0,1,1,0,0,0,0,1,70,0,0,0,0,0,25,0
10_marla/10Marla_GF_FP_004_V02.png,10Marla_GF_FP_004_V02.png,10Marla,GF,FP,4,V02,849,1570,0,0,3,2,1,1,0,1,1,0,0,0,0,1,70,0,0,0,0,0,25,0
10_marla/10Marla_GF_FP_004_V03.png,10Marla_GF_FP_004_V03.png,10Marla,GF,FP,4,V03,849,1570,0,0,3,2,1,1,0,1,1,0,0,0,0,1,70,0,0,0,0,0,25,0
10_marla/10Marla_GF_FP_004_V04.png,10Marla_GF_FP_004_V04.png,10Marla,GF,FP,4,V04,849,1570,0,0,3,2,1,1,0,1,1,0,0,0,0,1,70,0,0,0,0,0,25,0
10_marla/10Marla_GF_FP_005_V01.png,10Marla_GF_FP_005_V01.png,10Marla,GF,FP,5,V01,849,1570,0,0,2,2,1,1,0,1,1,0,1,0,1,1,0,1,0,0,0,0,19,0
10_marla/10Marla_GF_FP_005_V02.png,10Marla_GF_FP_005_V02.png,10Marla,GF,FP,5,V02,849,1570,0,0,2,2,1,1,0,1,1,0,1,0,1,1,0,1,0,0,0,0,19,0
10_marla/10Marla_GF_FP_005_V03.png,10Marla_GF_FP_005_V03.png,10Marla,GF,FP,5,V03,849,1570,0,0,2,2,1,1,0,1,1,0,1,0,1,1,0,1,0,0,0,0,19,0
10_marla/10Marla_GF_FP_005_V04.png,10Marla_GF_FP_005_V04.png,10Marla,GF,FP,5,V04,849,1570,0,0,2,2,1,1,0,1,1,0,1,0,1,1,0,1,0,0,0,0,19,0
10_marla/10Marla_GF_FP_006_V01.png,10Marla_GF_FP_006_V01.png,10Marla,GF,FP,6,V01,849,1570,0,0,3,2,0,1,0,1,1,0,1,0,1,1,0,1,0,0,0,0,25,0
10_marla/10Marla_GF_FP_006_V02.png,10Marla_GF_FP_006_V02.png,10Marla,GF,FP,6,V02,849,1570,0,0,3,2,0,1,0,1,1,0,1,0,1,1,0,1,0,0,0,0,25,0
10_marla/10Marla_GF_FP_006_V03.png,10Marla_GF_FP_006_V03.png,10Marla,GF,FP,6,V03,849,1570,0,0,3,2,0,1,0,1,1,0,1,0,1,1,0,1,0,0,0,0,25,0
10_marla/10Marla_GF_FP_006_V04.png,10Marla_GF_FP_006_V04.png,10Marla,GF,FP,6,V04,849,1570,0,0,3,2,0,1,0,1,1,0,1,0,1,1,0,1,0,0,0,0,25,0
10_marla/10Marla_GF_FP_007_V01.png,10Marla_GF_FP_007_V01.png,10Marla,GF,FP,7,V01,849,1570,0,0,3,2,1,1,1,1,1,0,1,0,1,1,0,1,0,0,0,0,9,0
10_marla/10Marla_GF_FP_007_V02.png,10Marla_GF_FP_007_V02.png,10Marla,GF,FP,7,V02,849,1570,0,0,3,2,1,1,1,1,1,0,1,0,1,1,0,1,0,0,0,0,9,0
10_marla/10Marla_GF_FP_007_V03.png,10Marla_GF_FP_007_V03.png,10Marla,GF,FP,7,V03,849,1570,0,0,3,2,1,1,1,1,1,0,1,0,1,1,0,1,0,0,0,0,9,0
10_marla/10Marla_GF_FP_007_V04.png,10Marla_GF_FP_007_V04.png,10Marla,GF,FP,7,V04,849,1570,0,0,3,2,1,1,1,1,1,0,1,0,1,1,0,1,0,0,0,0,9,0
10_marla/10Marla_GF_FP_008_V01.png,10Marla_GF_FP_008_V01.png,10Marla,GF,FP,8,V01,849,1570,0,0,2,2,0,1,2,1,1,0,1,0,1,1,0,2,0,0,0,0,15,1
10_marla/10Marla_GF_FP_008_V02.png,10Marla_GF_FP_008_V02.png,10Marla,GF,FP,8,V02,849,1570,0,0,2,2,0,1,2,1,1,0,1,0,1,1,0,2,0,0,0,0,15,1
10_marla/10Marla_GF_FP_008_V03.png,10Marla_GF_FP_008_V03.png,10Marla,GF,FP,8,V03,849,1570,0,0,2,2,0,1,2,1,1,0,1,0,1,1,0,2,0,0,0,0,15,1
10_marla/10Marla_GF_FP_008_V04.png,10Marla_GF_FP_008_V04.png,10Marla,GF,FP,8,V04,849,1570,0,0,2,2,0,1,2,1,1,0,1,0,1,1,0,2,0,0,0,0,15,1
10_marla/10Marla_GF_FP_009_V01.png,10Marla_GF_FP_009_V01.png,10Marla,GF,FP,9,V01,849,1570,0,0,3,3,0,1,1,1,1,0,1,0,0,1,0,1,0,0,0,0,17,0
10_marla/10Marla_GF_FP_009_V02.png,10Marla_GF_FP_009_V02.png,10Marla,GF,FP,9,V02,849,1570,0,0,3,3,0,1,1,1,1,0,1,0,0,1,0,1,0,0,0,0,17,0
10_marla/10Marla_GF_FP_009_V03.png,10Marla_GF_FP_009_V03.png,10Marla,GF,FP,9,V03,849,1570,0,0,3,3,0,1,1,1,1,0,1,0,0,1,0,1,0,0,0,0,17,0
10_marla/10Marla_GF_FP_009_V04.png,10Marla_GF_FP_009_V04.png,10Marla,GF,FP,9,V04,849,1570,0,0,3,3,0,1,1,1,1,0,1,0,0,1,0,1,0,0,0,0,17,0
10_marla/10Marla_GF_FP_010_V01.png,10Marla_GF_FP_010_V01.png,10Marla,GF,FP,10,V01,849,1570,0,0,3,3,0,1,1,1,1,0,1,0,0,1,1,1,0,0,0,0,18,0
10_marla/10Marla_GF_FP_010_V02.png,10Marla_GF_FP_010_V02.png,10Marla,GF,FP,10,V02,849,1570,0,0,3,3,0,1,1,1,1,0,1,0,0,1,1,1,0,0,0,0,18,0
10_marla/10Marla_GF_FP_010_V03.png,10Marla_GF_FP_010_V03.png,10Marla,GF,FP,10,V03,849,1570,0,0,3,3,0,1,1,1,1,0,1,0,0,1,1,1,0,0,0,0,18,0
10_marla/10Marla_GF_FP_010_V04.png,10Marla_GF_FP_010_V04.png,10Marla,GF,FP,10,V04,849,1570,0,0,3,3,0,1,1,1,1,0,1,0,0,1,1,1,0,0,0,0,18,0
10_marla/10Marla_GF_FP_011_V01.png,10Marla_GF_FP_011_V01.png,10Marla,GF,FP,11,V01,849,1570,0,0,3,2,0,1,1,1,1,0,1,0,0,1,1,1,1,0,0,0,18,0
10_marla/10Marla_GF_FP_011_V02.png,10Marla_GF_FP_011_V02.png,10Marla,GF,FP,11,V02,849,1570,0,0,3,2,0,1,1,1,1,0,1,0,0,1,1,1,1,0,0,0,18,0
10_marla/10Marla_GF_FP_011_V03.png,10Marla_GF_FP_011_V03.png,10Marla,GF,FP,11,V03,849,1570,0,0,3,2,0,1,1,1,1,0,1,0,0,1,1,1,1,0,0,0,18,0
10_marla/10Marla_GF_FP_011_V04.png,10Marla_GF_FP_011_V04.png,10Marla,GF,FP,11,V04,849,1570,0,0,3,2,0,1,1,1,1,0,1,0,0,1,1,1,1,0,0,0,18,0
10_marla/10Marla_GF_FP_012_V01.png,10Marla_GF_FP_012_V01.png,10Marla,GF,FP,12,V01,849,1570,0,0,2,2,0,1,1,1,1,0,1,0,0,1,0,1,1,0,0,0,17,0
10_marla/10Marla_GF_FP_012_V02.png,10Marla_GF_FP_012_V02.png,10Marla,GF,FP,12,V02,849,1570,0,0,2,2,0,1,1,1,1,0,1,0,0,1,0,1,1,0,0,0,17,0
10_marla/10Marla_GF_FP_012_V03.png,10Marla_GF_FP_012_V03.png,10Marla,GF,FP,12,V03,849,1570,0,0,2,2,0,1,1,1,1,0,1,0,0,1,0,1,1,0,0,0,17,0
10_marla/10Marla_GF_FP_012_V04.png,10Marla_GF_FP_012_V04.png,10Marla,GF,FP,12,V04,849,1570,0,0,2,2,0,1,1,1,1,0,1,0,0,1,0,1,1,0,0,0,17,0
10_marla/10Marla_GF_FP_013_V01.png,10Marla_GF_FP_013_V01.png,10Marla,GF,FP,13,V01,849,1570,0,0,2,2,0,1,1,1,1,0,0,0,1,1,0,1,1,0,0,0,15,1
10_marla/10Marla_GF_FP_013_V02.png,10Marla_GF_FP_013_V02.png,10Marla,GF,FP,13,V02,849,1570,0,0,2,2,0,1,1,1,1,0,0,0,1,1,0,1,1,0,0,0,15,1
10_marla/10Marla_GF_FP_013_V03.png,10Marla_GF_FP_013_V03.png,10Marla,GF,FP,13,V03,849,1570,0,0,2,2,0,1,1,1,1,0,0,0,1,1,0,1,1,0,0,0,15,1
10_marla/10Marla_GF_FP_013_V04.png,10Marla_GF_FP_013_V04.png,10Marla,GF,FP,13,V04,849,1570,0,0,2,2,0,1,1,1,1,0,0,0,1,1,0,1,1,0,0,0,15,1
10_marla/10Marla_GF_FP_014_V01.png,10Marla_GF_FP_014_V01.png,10Marla,GF,FP,14,V01,849,1570,0,0,3,2,0,1,1,1,1,0,1,0,1,1,0,1,1,0,0,0,11,0
10_marla/10Marla_GF_FP_014_V02.png,10Marla_GF_FP_014_V02.png,10Marla,GF,FP,14,V02,849,1570,0,0,3,2,0,1,1,1,1,0,1,0,1,1,0,1,1,0,0,0,11,0
10_marla/10Marla_GF_FP_014_V03.png,10Marla_GF_FP_014_V03.png,10Marla,GF,FP,14,V03,849,1570,0,0,3,2,0,1,1,1,1,0,1,0,1,1,0,1,1,0,0,0,11,0
10_marla/10Marla_GF_FP_014_V04.png,10Marla_GF_FP_014_V04.png,10Marla,GF,FP,14,V04,849,1570,0,0,3,2,0,1,1,1,1,0,1,0,1,1,0,1,1,0,0,0,11,0
10_marla/10Marla_GF_FP_015_V01.png,10Marla_GF_FP_015_V01.png,10Marla,GF,FP,15,V01,849,1570,0,0,4,2,0,1,0,1,1,0,1,0,1,1,0,1,1,0,0,0,21,1
10_marla/10Marla_GF_FP_015_V02.png,10Marla_GF_FP_015_V02.png,10Marla,GF,FP,15,V02,849,1570,0,0,4,2,0,1,0,1,1,0,1,0,1,1,0,1,1,0,0,0,21,1
10_marla/10Marla_GF_FP_015_V03.png,10Marla_GF_FP_015_V03.png,10Marla,GF,FP,15,V03,849,1570,0,0,4,2,0,1,0,1,1,0,1,0,1,1,0,1,1,0,0,0,21,1
10_marla/10Marla_GF_FP_015_V04.png,10Marla_GF_FP_015_V04.png,10Marla,GF,FP,15,V04,849,1570,0,0,4,2,0,1,0,1,1,0,1,0,1,1,0,1,1,0,0,0,21,1
10_marla/10Marla_GF_FP_016_V01.png,10Marla_GF_FP_016_V01.png,10Marla,GF,FP,16,V01,849,1570,0,0,2,2,1,1,0,1,1,0,0,0,1,1,0,1,1,0,0,0,20,0
10_marla/10Marla_GF_FP_016_V02.png,10Marla_GF_FP_016_V02.png,10Marla,GF,FP,16,V02,849,1570,0,0,2,2,1,1,0,1,1,0,0,0,1,1,0,1,1,0,0,0,20,0
10_marla/10Marla_GF_FP_016_V03.png,10Marla_GF_FP_016_V03.png,10Marla,GF,FP,16,V03,849,1570,0,0,2,2,1,1,0,1,1,0,0,0,1,1,0,1,1,0,0,0,20,0
10_marla/10Marla_GF_FP_016_V04.png,10Marla_GF_FP_016_V04.png,10Marla,GF,FP,16,V04,849,1570,0,0,2,2,1,1,0,1,1,0,0,0,1,1,0,1,1,0,0,0,20,0
10_marla/10Marla_GF_FP_017_V01.png,10Marla_GF_FP_017_V01.png,10Marla,GF,FP,17,V01,849,1570,0,0,2,2,1,1,0,1,1,0,0,0,0,1,0,0,2,0,0,0,24,0
10_marla/10Marla_GF_FP_017_V02.png,10Marla_GF_FP_017_V02.png,10Marla,GF,FP,17,V02,849,1570,0,0,2,2,1,1,0,1,1,0,0,0,0,1,0,0,2,0,0,0,24,0
10_marla/10Marla_GF_FP_017_V03.png,10Marla_GF_FP_017_V03.png,10Marla,GF,FP,17,V03,849,1570,0,0,2,2,1,1,0,1,1,0,0,0,0,1,0,0,2,0,0,0,24,0
10_marla/10Marla_GF_FP_017_V04.png,10Marla_GF_FP_017_V04.png,10Marla,GF,FP,17,V04,849,1570,0,0,2,2,1,1,0,1,1,0,0,0,0,1,0,0,2,0,0,0,24,0
10_marla/10Marla_GF_FP_018_V01.png,10Marla_GF_FP_018_V01.png,10Marla,GF,FP,18,V01,849,1570,0,0,2,2,0,1,0,1,1,0,0,0,1,1,0,1,1,0,0,0,6,1
10_marla/10Marla_GF_FP_018_V02.png,10Marla_GF_FP_018_V02.png,10Marla,GF,FP,18,V02,849,1570,0,0,2,2,0,1,0,1,1,0,0,0,1,1,0,1,1,0,0,0,6,1
10_marla/10Marla_GF_FP_018_V03.png,10Marla_GF_FP_018_V03.png,10Marla,GF,FP,18,V03,849,1570,0,0,2,2,0,1,0,1,1,0,0,0,1,1,0,1,1,0,0,0,6,1
10_marla/10Marla_GF_FP_018_V04.png,10Marla_GF_FP_018_V04.png,10Marla,GF,FP,18,V04,849,1570,0,0,2,2,0,1,0,1,1,0,0,0,1,1,0,1,1,0,0,0,6,1
10_marla/10Marla_GF_FP_019_V01.png,10Marla_GF_FP_019_V01.png,10Marla,GF,FP,19,V01,849,1570,0,0,2,2,1,1,0,1,1,0,1,0,1,1,0,1,1,0,0,0,8,1
10_marla/10Marla_GF_FP_019_V02.png,10Marla_GF_FP_019_V02.png,10Marla,GF,FP,19,V02,849,1570,0,0,2,2,1,1,0,1,1,0,1,0,1,1,0,1,1,0,0,0,8,1
10_marla/10Marla_GF_FP_019_V03.png,10Marla_GF_FP_019_V03.png,10Marla,GF,FP,19,V03,849,1570,0,0,2,2,1,1,0,1,1,0,1,0,1,1,0,1,1,0,0,0,8,1
10_marla/10Marla_GF_FP_019_V04.png,10Marla_GF_FP_019_V04.png,10Marla,GF,FP,19,V04,849,1570,0,0,2,2,1,1,0,1,1,0,1,0,1,1,0,1,1,0,0,0,8,1
10_marla/10Marla_GF_FP_020_V01.png,10Marla_GF_FP_020_V01.png,10Marla,GF,FP,20,V01,849,1570,0,0,2,1,0,1,0,1,1,0,1,0,1,1,0,1,1,0,0,0,14,1
10_marla/10Marla_GF_FP_020_V02.png,10Marla_GF_FP_020_V02.png,10Marla,GF,FP,20,V02,849,1570,0,0,2,1,0,1,0,1,1,0,1,0,1,1,0,1,1,0,0,0,14,1
10_marla/10Marla_GF_FP_020_V03.png,10Marla_GF_FP_020_V03.png,10Marla,GF,FP,20,V03,849,1570,0,0,2,1,0,1,0,1,1,0,1,0,1,1,0,1,1,0,0,0,14,1
10_marla/10Marla_GF_FP_020_V04.png,10Marla_GF_FP_020_V04.png,10Marla,GF,FP,20,V04,849,1570,0,0,2,1,0,1,0,1,1,0,1,0,1,1,0,1,1,0,0,0,14,1
10_marla/10Marla_GF_FP_021_V01.png,10Marla_GF_FP_021_V01.png,10Marla,GF,FP,21,V01,849,1570,0,0,1,1,0,1,0,1,1,0,0,0,0,1,1,1,1,0,0,0,35,0
10_marla/10Marla_GF_FP_021_V02.png,10Marla_GF_FP_021_V02.png,10Marla,GF,FP,21,V02,849,1570,0,0,1,1,0,1,0,1,1,0,0,0,0,1,1,1,1,0,0,0,35,0
10_marla/10Marla_GF_FP_021_V03.png,10Marla_GF_FP_021_V03.png,10Marla,GF,FP,21,V03,849,1570,0,0,1,1,0,1,0,1,1,0,0,0,0,1,1,1,1,0,0,0,35,0
10_marla/10Marla_GF_FP_021_V04.png,10Marla_GF_FP_021_V04.png,10Marla,GF,FP,21,V04,849,1570,0,0,1,1,0,1,0,1,1,0,0,0,0,1,1,1,1,0,0,0,35,0
10_marla/10Marla_GF_FP_022_V01.png,10Marla_GF_FP_022_V01.png,10Marla,GF,FP,22,V01,849,1570,0,0,2,2,0,1,2,1,1,0,1,0,2,1,0,1,1,0,0,0,14,0
10_marla/10Marla_GF_FP_022_V02.png,10Marla_GF_FP_022_V02.png,10Marla,GF,FP,22,V02,849,1570,0,0,2,2,0,1,2,1,1,0,1,0,2,1,0,1,1,0,0,0,14,0
10_marla/10Marla_GF_FP_022_V03.png,10Marla_GF_FP_022_V03.png,10Marla,GF,FP,22,V03,849,1570,0,0,2,2,0,1,2,1,1,0,1,0,2,1,0,1,1,0,0,0,14,0
10_marla/10Marla_GF_FP_022_V04.png,10Marla_GF_FP_022_V04.png,10Marla,GF,FP,22,V04,849,1570,0,0,2,2,0,1,2,1,1,0,1,0,2,1,0,1,1,0,0,0,14,0
10_marla/10Marla_GF_FP_023_V01.png,10Marla_GF_FP_023_V01.png,10Marla,GF,FP,23,V01,849,1570,0,0,2,2,0,1,1,1,1,0,0,0,1,1,0,1,1,0,0,0,25,0
10_marla/10Marla_GF_FP_023_V02.png,10Marla_GF_FP_023_V02.png,10Marla,GF,FP,23,V02,849,1570,0,0,2,2,0,1,1,1,1,0,0,0,1,1,0,1,1,0,0,0,25,0
10_marla/10Marla_GF_FP_023_V03.png,10Marla_GF_FP_023_V03.png,10Marla,GF,FP,23,V03,849,1570,0,0,2,2,0,1,1,1,1,0,0,0,1,1,0,1,1,0,0,0,25,0
10_marla/10Marla_GF_FP_023_V04.png,10Marla_GF_FP_023_V04.png,10Marla,GF,FP,23,V04,849,1570,0,0,2,2,0,1,1,1,1,0,0,0,1,1,0,1,1,0,0,0,25,0
10_marla/10Marla_GF_FP_024_V01.png,10Marla_GF_FP_024_V01.png,10Marla,GF,FP,24,V01,849,1570,0,0,3,3,0,1,3,1,1,0,1,0,2,1,0,1,1,0,0,0,25,0
10_marla/10Marla_GF_FP_024_V02.png,10Marla_GF_FP_024_V02.png,10Marla,GF,FP,24,V02,849,1570,0,0,3,3,0,1,3,1,1,0,1,0,2,1,0,1,1,0,0,0,25,0
10_marla/10Marla_GF_FP_024_V03.png,10Marla_GF_FP_024_V03.png,10Marla,GF,FP,24,V03,849,1570,0,0,3,3,0,1,3,1,1,0,1,0,2,1,0,1,1,0,0,0,25,0
10_marla/10Marla_GF_FP_024_V04.png,10Marla_GF_FP_024_V04.png,10Marla,GF,FP,24,V04,849,1570,0,0,3,3,0,1,3,1,1,0,1,0,2,1,0,1,1,0,0,0,25,0
10_marla/10Marla_GF_FP_025_V01.png,10Marla_GF_FP_025_V01.png,10Marla,GF,FP,25,V01,849,1570,0,0,3,3,0,1,1,1,1,0,1,0,1,1,1,0,1,0,0,0,14,0
10_marla/10Marla_GF_FP_025_V02.png,10Marla_GF_FP_025_V02.png,10Marla,GF,FP,25,V02,849,1570,0,0,3,3,0,1,1,1,1,0,1,0,1,1,1,0,1,0,0,0,14,0
10_marla/10Marla_GF_FP_025_V03.png,10Marla_GF_FP_025_V03.png,10Marla,GF,FP,25,V03,849,1570,0,0,3,3,0,1,1,1,1,0,1,0,1,1,1,0,1,0,0,0,14,0
10_marla/10Marla_GF_FP_025_V04.png,10Marla_GF_FP_025_V04.png,10Marla,GF,FP,25,V04,849,1570,0,0,3,3,0,1,1,1,1,0,1,0,1,1,1,0,1,0,0,0,14,0
10_marla/10Marla_GF_FP_026_V01.png,10Marla_GF_FP_026_V01.png,10Marla,GF,FP,26,V01,849,1570,0,0,1,1,0,1,0,1,1,0,0,0,0,1,1,1,1,0,0,0,37,0
10_marla/10Marla_GF_FP_026_V02.png,10Marla_GF_FP_026_V02.png,10Marla,GF,FP,26,V02,849,1570,0,0,1,1,0,1,0,1,1,0,0,0,0,1,1,1,1,0,0,0,37,0
10_marla/10Marla_GF_FP_026_V03.png,10Marla_GF_FP_026_V03.png,10Marla,GF,FP,26,V03,849,1570,0,0,1,1,0,1,0,1,1,0,0,0,0,1,1,1,1,0,0,0,37,0
10_marla/10Marla_GF_FP_026_V04.png,10Marla_GF_FP_026_V04.png,10Marla,GF,FP,26,V04,849,1570,0,0,1,1,0,1,0,1,1,0,0,0,0,1,1,1,1,0,0,0,37,0
10_marla/10Marla_GF_FP_027_V01.png,10Marla_GF_FP_027_V01.png,10Marla,GF,FP,27,V01,849,1570,0,0,2,2,0,1,1,1,1,0,1,0,2,1,2,1,1,0,0,0,25,1
10_marla/10Marla_GF_FP_027_V02.png,10Marla_GF_FP_027_V02.png,10Marla,GF,FP,27,V02,849,1570,0,0,2,2,0,1,1,1,1,0,1,0,2,1,2,1,1,0,0,0,25,1
10_marla/10Marla_GF_FP_027_V03.png,10Marla_GF_FP_027_V03.png,10Marla,GF,FP,27,V03,849,1570,0,0,2,2,0,1,1,1,1,0,1,0,2,1,2,1,1,0,0,0,25,1
10_marla/10Marla_GF_FP_027_V04.png,10Marla_GF_FP_027_V04.png,10Marla,GF,FP,27,V04,849,1570,0,0,2,2,0,1,1,1,1,0,1,0,2,1,2,1,1,0,0,0,25,1
10_marla/10Marla_GF_FP_028_V01.png,10Marla_GF_FP_028_V01.png,10Marla,GF,FP,28,V01,849,1570,0,0,2,2,1,1,0,1,1,0,1,0,1,1,1,1,2,0,0,0,33,0
10_marla/10Marla_GF_FP_028_V02.png,10Marla_GF_FP_028_V02.png,10Marla,GF,FP,28,V02,849,1570,0,0,2,2,1,1,0,1,1,0,1,0,1,1,1,1,2,0,0,0,33,0
10_marla/10Marla_GF_FP_028_V03.png,10Marla_GF_FP_028_V03.png,10Marla,GF,FP,28,V03,849,1570,0,0,2,2,1,1,0,1,1,0,1,0,1,1,1,1,2,0,0,0,33,0
10_marla/10Marla_GF_FP_028_V04.png,10Marla_GF_FP_028_V04.png,10Marla,GF,FP,28,V04,849,1570,0,0,2,2,1,1,0,1,1,0,1,0,1,1,1,1,2,0,0,0,33,0
10_marla/10Marla_GF_FP_029_V01.png,10Marla_GF_FP_029_V01.png,10Marla,GF,FP,29,V01,849,1570,0,0,3,3,0,1,1,1,1,0,1,0,1,1,1,1,1,0,0,0,24,0
10_marla/10Marla_GF_FP_029_V02.png,10Marla_GF_FP_029_V02.png,10Marla,GF,FP,29,V02,849,1570,0,0,3,3,0,1,1,1,1,0,1,0,1,1,1,1,1,0,0,0,24,0
10_marla/10Marla_GF_FP_029_V03.png,10Marla_GF_FP_029_V03.png,10Marla,GF,FP,29,V03,849,1570,0,0,3,3,0,1,1,1,1,0,1,0,1,1,1,1,1,0,0,0,24,0
10_marla/10Marla_GF_FP_029_V04.png,10Marla_GF_FP_029_V04.png,10Marla,GF,FP,29,V04,849,1570,0,0,3,3,0,1,1,1,1,0,1,0,1,1,1,1,1,0,0,0,24,0
10_marla/10Marla_GF_FP_030_V01.png,10Marla_GF_FP_030_V01.png,10Marla,GF,FP,30,V01,849,1570,0,0,2,2,1,1,0,1,1,0,0,0,1,1,60,0,2,1,0,0,29,0
10_marla/10Marla_GF_FP_030_V02.png,10Marla_GF_FP_030_V02.png,10Marla,GF,FP,30,V02,849,1570,0,0,2,2,1,1,0,1,1,0,0,0,1,1,60,0,2,1,0,0,29,0
10_marla/10Marla_GF_FP_030_V03.png,10Marla_GF_FP_030_V03.png,10Marla,GF,FP,30,V03,849,1570,0,0,2,2,1,1,0,1,1,0,0,0,1,1,60,0,2,1,0,0,29,0
10_marla/10Marla_GF_FP_030_V04.png,10Marla_GF_FP_030_V04.png,10Marla,GF,FP,30,V04,849,1570,0,0,2,2,1,1,0,1,1,0,0,0,1,1,60,0,2,1,0,0,29,0
10_marla/10Marla_GF_FP_031_V01.png,10Marla_GF_FP_031_V01.png,10Marla,GF,FP,31,V01,849,1570,0,0,3,1,0,1,1,1,1,0,1,0,1,1,0,1,1,1,0,0,20,0
10_marla/10Marla_GF_FP_031_V02.png,10Marla_GF_FP_031_V02.png,10Marla,GF,FP,31,V02,849,1570,0,0,3,1,0,1,1,1,1,0,1,0,1,1,0,1,1,1,0,0,20,0
10_marla/10Marla_GF_FP_031_V03.png,10Marla_GF_FP_031_V03.png,10Marla,GF,FP,31,V03,849,1570,0,0,3,1,0,1,1,1,1,0,1,0,1,1,0,1,1,1,0,0,20,0
10_marla/10Marla_GF_FP_031_V04.png,10Marla_GF_FP_031_V04.png,10Marla,GF,FP,31,V04,849,1570,0,0,3,1,0,1,1,1,1,0,1,0,1,1,0,1,1,1,0,0,20,0
10_marla/10Marla_GF_FP_032_V01.png,10Marla_GF_FP_032_V01.png,10Marla,GF,FP,32,V01,849,1570,0,1,3,3,0,0,2,1,1,0,0,0,0,1,2,0,1,0,0,0,29,0
10_marla/10Marla_GF_FP_032_V02.png,10Marla_GF_FP_032_V02.png,10Marla,GF,FP,32,V02,849,1570,0,1,3,3,0,0,2,1,1,0,0,0,0,1,2,0,1,0,0,0,29,0
10_marla/10Marla_GF_FP_032_V03.png,10Marla_GF_FP_032_V03.png,10Marla,GF,FP,32,V03,849,1570,0,1,3,3,0,0,2,1,1,0,0,0,0,1,2,0,1,0,0,0,29,0
10_marla/10Marla_GF_FP_032_V04.png,10Marla_GF_FP_032_V04.png,10Marla,GF,FP,32,V04,849,1570,0,1,3,3,0,0,2,1,1,0,0,0,0,1,2,0,1,0,0,0,29,0
10_marla/10Marla_GF_FP_033_V01.png,10Marla_GF_FP_033_V01.png,10Marla,GF,FP,33,V01,849,1570,0,1,1,1,0,1,1,1,1,0,0,0,1,1,0,1,1,0,0,0,29,0
10_marla/10Marla_GF_FP_033_V02.png,10Marla_GF_FP_033_V02.png,10Marla,GF,FP,33,V02,849,1570,0,1,1,1,0,1,1,1,1,0,0,0,1,1,0,1,1,0,0,0,29,0
10_marla/10Marla_GF_FP_033_V03.png,10Marla_GF_FP_033_V03.png,10Marla,GF,FP,33,V03,849,1570,0,1,1,1,0,1,1,1,1,0,0,0,1,1,0,1,1,0,0,0,29,0
10_marla/10Marla_GF_FP_033_V04.png,10Marla_GF_FP_033_V04.png,10Marla,GF,FP,33,V04,849,1570,0,1,1,1,0,1,1,1,1,0,0,0,1,1,0,1,1,0,0,0,29,0
10_marla/10Marla_GF_FP_034_V01.png,10Marla_GF_FP_034_V01.png,10Marla,GF,FP,34,V01,849,1570,0,0,2,2,0,0,0,1,1,0,1,0,1,1,0,1,1,0,0,0,14,0
10_marla/10Marla_GF_FP_034_V02.png,10Marla_GF_FP_034_V02.png,10Marla,GF,FP,34,V02,849,1570,0,0,2,2,0,0,0,1,1,0,1,0,1,1,0,1,1,0,0,0,14,0
10_marla/10Marla_GF_FP_034_V03.png,10Marla_GF_FP_034_V03.png,10Marla,GF,FP,34,V03,849,1570,0,0,2,2,0,0,0,1,1,0,1,0,1,1,0,1,1,0,0,0,14,0
10_marla/10Marla_GF_FP_034_V04.png,10Marla_GF_FP_034_V04.png,10Marla,GF,FP,34,V04,849,1570,0,0,2,2,0,0,0,1,1,0,1,0,1,1,0,1,1,0,0,0,14,0
10_marla/10Marla_GF_FP_035_V01.png,10Marla_GF_FP_035_V01.png,10Marla,GF,FP,35,V01,849,1570,0,0,2,2,0,1,0,1,1,0,1,0,1,1,0,2,2,0,0,0,22,0
10_marla/10Marla_GF_FP_035_V02.png,10Marla_GF_FP_035_V02.png,10Marla,GF,FP,35,V02,849,1570,0,0,2,2,0,1,0,1,1,0,1,0,1,1,0,2,2,0,0,0,22,0
10_marla/10Marla_GF_FP_035_V03.png,10Marla_GF_FP_035_V03.png,10Marla,GF,FP,35,V03,849,1570,0,0,2,2,0,1,0,1,1,0,1,0,1,1,0,2,2,0,0,0,22,0
10_marla/10Marla_GF_FP_035_V04.png,10Marla_GF_FP_035_V04.png,10Marla,GF,FP,35,V04,849,1570,0,0,2,2,0,1,0,1,1,0,1,0,1,1,0,2,2,0,0,0,22,0
10_marla/10Marla_GF_FP_036_V01.png,10Marla_GF_FP_036_V01.png,10Marla,GF,FP,36,V01,849,1570,0,0,2,2,0,1,2,1,1,0,1,0,1,1,0,1,2,0,0,0,22,1
10_marla/10Marla_GF_FP_036_V02.png,10Marla_GF_FP_036_V02.png,10Marla,GF,FP,36,V02,849,1570,0,0,2,2,0,1,2,1,1,0,1,0,1,1,0,1,2,0,0,0,22,1
10_marla/10Marla_GF_FP_036_V03.png,10Marla_GF_FP_036_V03.png,10Marla,GF,FP,36,V03,849,1570,0,0,2,2,0,1,2,1,1,0,1,0,1,1,0,1,2,0,0,0,22,1
10_marla/10Marla_GF_FP_036_V04.png,10Marla_GF_FP_036_V04.png,10Marla,GF,FP,36,V04,849,1570,0,0,2,2,0,1,2,1,1,0,1,0,1,1,0,1,2,0,0,0,22,1
10_marla/10Marla_GF_FP_037_V01.png,10Marla_GF_FP_037_V01.png,10Marla,GF,FP,37,V01,849,1570,0,0,3,2,0,1,0,1,1,0,1,0,1,1,0,1,1,0,0,0,10,1
10_marla/10Marla_GF_FP_037_V02.png,10Marla_GF_FP_037_V02.png,10Marla,GF,FP,37,V02,849,1570,0,0,3,2,0,1,0,1,1,0,1,0,1,1,0,1,1,0,0,0,10,1
10_marla/10Marla_GF_FP_037_V03.png,10Marla_GF_FP_037_V03.png,10Marla,GF,FP,37,V03,849,1570,0,0,3,2,0,1,0,1,1,0,1,0,1,1,0,1,1,0,0,0,10,1
10_marla/10Marla_GF_FP_037_V04.png,10Marla_GF_FP_037_V04.png,10Marla,GF,FP,37,V04,849,1570,0,0,3,2,0,1,0,1,1,0,1,0,1,1,0,1,1,0,0,0,10,1
10_marla/10Marla_GF_FP_038_V01.png,10Marla_GF_FP_038_V01.png,10Marla,GF,FP,38,V01,849,1570,0,0,1,1,0,1,1,1,1,0,0,0,0,1,1,1,1,0,0,0,35,1
10_marla/10Marla_GF_FP_038_V02.png,10Marla_GF_FP_038_V02.png,10Marla,GF,FP,38,V02,849,1570,0,0,1,1,0,1,1,1,1,0,0,0,0,1,1,1,1,0,0,0,35,1
10_marla/10Marla_GF_FP_038_V03.png,10Marla_GF_FP_038_V03.png,10Marla,GF,FP,38,V03,849,1570,0,0,1,1,0,1,1,1,1,0,0,0,0,1,1,1,1,0,0,0,35,1
10_marla/10Marla_GF_FP_038_V04.png,10Marla_GF_FP_038_V04.png,10Marla,GF,FP,38,V04,849,1570,0,0,1,1,0,1,1,1,1,0,0,0,0,1,1,1,1,0,0,0,35,1
10_marla/10Marla_GF_FP_039_V01.png,10Marla_GF_FP_039_V01.png,10Marla,GF,FP,39,V01,849,1570,0,0,3,3,0,1,0,1,1,0,0,0,0,1,1,0,1,0,0,0,17,1
10_marla/10Marla_GF_FP_039_V02.png,10Marla_GF_FP_039_V02.png,10Marla,GF,FP,39,V02,849,1570,0,0,3,3,0,1,0,1,1,0,0,0,0,1,1,0,1,0,0,0,17,1
10_marla/10Marla_GF_FP_039_V03.png,10Marla_GF_FP_039_V03.png,10Marla,GF,FP,39,V03,849,1570,0,0,3,3,0,1,0,1,1,0,0,0,0,1,1,0,1,0,0,0,17,1
10_marla/10Marla_GF_FP_039_V04.png,10Marla_GF_FP_039_V04.png,10Marla,GF,FP,39,V04,849,1570,0,0,3,3,0,1,0,1,1,0,0,0,0,1,1,0,1,0,0,0,17,1
10_marla/10Marla_GF_FP_040_V01.png,10Marla_GF_FP_040_V01.png,10Marla,GF,FP,40,V01,849,1570,0,0,3,2,0,1,2,1,1,0,0,0,1,1,0,1,1,1,0,0,25,1
10_marla/10Marla_GF_FP_040_V02.png,10Marla_GF_FP_040_V02.png,10Marla,GF,FP,40,V02,849,1570,0,0,3,2,0,1,2,1,1,0,0,0,1,1,0,1,1,1,0,0,25,1
10_marla/10Marla_GF_FP_040_V03.png,10Marla_GF_FP_040_V03.png,10Marla,GF,FP,40,V03,849,1570,0,0,3,2,0,1,2,1,1,0,0,0,1,1,0,1,1,1,0,0,25,1
10_marla/10Marla_GF_FP_040_V04.png,10Marla_GF_FP_040_V04.png,10Marla,GF,FP,40,V04,849,1570,0,0,3,2,0,1,2,1,1,0,0,0,1,1,0,1,1,1,0,0,25,1
10_marla/10Marla_GF_FP_041_V01.png,10Marla_GF_FP_041_V01.png,10Marla,GF,FP,41,V01,849,1570,0,0,2,2,0,1,1,1,1,0,0,0,1,1,0,1,1,0,0,0,25,1
10_marla/10Marla_GF_FP_041_V02.png,10Marla_GF_FP_041_V02.png,10Marla,GF,FP,41,V02,849,1570,0,0,2,2,0,1,1,1,1,0,0,0,1,1,0,1,1,0,0,0,25,1
10_marla/10Marla_GF_FP_041_V03.png,10Marla_GF_FP_041_V03.png,10Marla,GF,FP,41,V03,849,1570,0,0,2,2,0,1,1,1,1,0,0,0,1,1,0,1,1,0,0,0,25,1
10_marla/10Marla_GF_FP_041_V04.png,10Marla_GF_FP_041_V04.png,10Marla,GF,FP,41,V04,849,1570,0,0,2,2,0,1,1,1,1,0,0,0,1,1,0,1,1,0,0,0,25,1
10_marla/10Marla_GF_FP_042_V01.png,10Marla_GF_FP_042_V01.png,10Marla,GF,FP,42,V01,849,1570,0,0,3,2,0,1,2,1,1,0,1,0,0,1,0,1,1,0,0,0,32,0
10_marla/10Marla_GF_FP_042_V02.png,10Marla_GF_FP_042_V02.png,10Marla,GF,FP,42,V02,849,1570,0,0,3,2,0,1,2,1,1,0,1,0,0,1,0,1,1,0,0,0,32,0
10_marla/10Marla_GF_FP_042_V03.png,10Marla_GF_FP_042_V03.png,10Marla,GF,FP,42,V03,849,1570,0,0,3,2,0,1,2,1,1,0,1,0,0,1,0,1,1,0,0,0,32,0
10_marla/10Marla_GF_FP_042_V04.png,10Marla_GF_FP_042_V04.png,10Marla,GF,FP,42,V04,849,1570,0,0,3,2,0,1,2,1,1,0,1,0,0,1,0,1,1,0,0,0,32,0
10_marla/10Marla_GF_FP_043_V01.png,10Marla_GF_FP_043_V01.png,10Marla,GF,FP,43,V01,849,1570,0,0,3,2,0,1,0,1,1,0,1,0,1,1,0,1,1,0,0,0,20,0
10_marla/10Marla_GF_FP_043_V02.png,10Marla_GF_FP_043_V02.png,10Marla,GF,FP,43,V02,849,1570,0,0,3,2,0,1,0,1,1,0,1,0,1,1,0,1,1,0,0,0,20,0
10_marla/10Marla_GF_FP_043_V03.png,10Marla_GF_FP_043_V03.png,10Marla,GF,FP,43,V03,849,1570,0,0,3,2,0,1,0,1,1,0,1,0,1,1,0,1,1,0,0,0,20,0
10_marla/10Marla_GF_FP_043_V04.png,10Marla_GF_FP_043_V04.png,10Marla,GF,FP,43,V04,849,1570,0,0,3,2,0,1,0,1,1,0,1,0,1,1,0,1,1,0,0,0,20,0
10_marla/10Marla_GF_FP_044_V01.png,10Marla_GF_FP_044_V01.png,10Marla,GF,FP,44,V01,849,1570,0,0,4,2,0,1,2,1,1,0,1,0,1,1,1,1,1,0,0,0,6,0
10_marla/10Marla_GF_FP_044_V02.png,10Marla_GF_FP_044_V02.png,10Marla,GF,FP,44,V02,849,1570,0,0,4,2,0,1,2,1,1,0,1,0,1,1,1,1,1,0,0,0,6,0
10_marla/10Marla_GF_FP_044_V03.png,10Marla_GF_FP_044_V03.png,10Marla,GF,FP,44,V03,849,1570,0,0,4,2,0,1,2,1,1,0,1,0,1,1,1,1,1,0,0,0,6,0
10_marla/10Marla_GF_FP_044_V04.png,10Marla_GF_FP_044_V04.png,10Marla,GF,FP,44,V04,849,1570,0,0,4,2,0,1,2,1,1,0,1,0,1,1,1,1,1,0,0,0,6,0
10_marla/10Marla_GF_FP_045_V01.png,10Marla_GF_FP_045_V01.png,10Marla,GF,FP,45,V01,849,1570,0,0,2,2,0,1,0,1,1,0,1,0,1,1,0,1,1,0,0,0,19,0
10_marla/10Marla_GF_FP_045_V02.png,10Marla_GF_FP_045_V02.png,10Marla,GF,FP,45,V02,849,1570,0,0,2,2,0,1,0,1,1,0,1,0,1,1,0,1,1,0,0,0,19,0
10_marla/10Marla_GF_FP_045_V03.png,10Marla_GF_FP_045_V03.png,10Marla,GF,FP,45,V03,849,1570,0,0,2,2,0,1,0,1,1,0,1,0,1,1,0,1,1,0,0,0,19,0
10_marla/10Marla_GF_FP_045_V04.png,10Marla_GF_FP_045_V04.png,10Marla,GF,FP,45,V04,849,1570,0,0,2,2,0,1,0,1,1,0,1,0,1,1,0,1,1,0,0,0,19,0
10_marla/10Marla_GF_FP_046_V01.png,10Marla_GF_FP_046_V01.png,10Marla,GF,FP,46,V01,849,1570,0,0,3,2,0,1,1,1,1,0,1,0,1,1,1,1,1,0,0,0,24,0
10_marla/10Marla_GF_FP_046_V02.png,10Marla_GF_FP_046_V02.png,10Marla,GF,FP,46,V02,849,1570,0,0,3,2,0,1,1,1,1,0,1,0,1,1,1,1,1,0,0,0,24,0
10_marla/10Marla_GF_FP_046_V03.png,10Marla_GF_FP_046_V03.png,10Marla,GF,FP,46,V03,849,1570,0,0,3,2,0,1,1,1,1,0,1,0,1,1,1,1,1,0,0,0,24,0
10_marla/10Marla_GF_FP_046_V04.png,10Marla_GF_FP_046_V04.png,10Marla,GF,FP,46,V04,849,1570,0,0,3,2,0,1,1,1,1,0,1,0,1,1,1,1,1,0,0,0,24,0
10_marla/10Marla_GF_FP_047_V01.png,10Marla_GF_FP_047_V01.png,10Marla,GF,FP,47,V01,849,1570,0,0,4,2,0,1,1,1,1,0,1,0,0,1,0,0,2,0,0,0,30,0
10_marla/10Marla_GF_FP_047_V02.png,10Marla_GF_FP_047_V02.png,10Marla,GF,FP,47,V02,849,1570,0,0,4,2,0,1,1,1,1,0,1,0,0,1,0,0,2,0,0,0,30,0
10_marla/10Marla_GF_FP_047_V03.png,10Marla_GF_FP_047_V03.png,10Marla,GF,FP,47,V03,849,1570,0,0,4,2,0,1,1,1,1,0,1,0,0,1,0,0,2,0,0,0,30,0
10_marla/10Marla_GF_FP_047_V04.png,10Marla_GF_FP_047_V04.png,10Marla,GF,FP,47,V04,849,1570,0,0,4,2,0,1,1,1,1,0,1,0,0,1,0,0,2,0,0,0,30,0
10_marla/10Marla_GF_FP_048_V01.png,10Marla_GF_FP_048_V01.png,10Marla,GF,FP,48,V01,849,1570,0,0,3,2,0,1,0,1,1,0,0,0,0,1,65,0,2,0,0,0,30,0
10_marla/10Marla_GF_FP_048_V02.png,10Marla_GF_FP_048_V02.png,10Marla,GF,FP,48,V02,849,1570,0,0,3,2,0,1,0,1,1,0,0,0,0,1,65,0,2,0,0,0,30,0
10_marla/10Marla_GF_FP_048_V03.png,10Marla_GF_FP_048_V03.png,10Marla,GF,FP,48,V03,849,1570,0,0,3,2,0,1,0,1,1,0,0,0,0,1,65,0,2,0,0,0,30,0
10_marla/10Marla_GF_FP_048_V04.png,10Marla_GF_FP_048_V04.png,10Marla,GF,FP,48,V04,849,1570,0,0,3,2,0,1,0,1,1,0,0,0,0,1,65,0,2,0,0,0,30,0
10_marla/10Marla_GF_FP_049_V01.png,10Marla_GF_FP_049_V01.png,10Marla,GF,FP,49,V01,849,1570,0,1,2,1,0,1,0,1,1,0,0,0,0,1,0,0,1,0,0,0,34,1
10_marla/10Marla_GF_FP_049_V02.png,10Marla_GF_FP_049_V02.png,10Marla,GF,FP,49,V02,849,1570,0,1,2,1,0,1,0,1,1,0,0,0,0,1,0,0,1,0,0,0,34,1
10_marla/10Marla_GF_FP_049_V03.png,10Marla_GF_FP_049_V03.png,10Marla,GF,FP,49,V03,849,1570,0,1,2,1,0,1,0,1,1,0,0,0,0,1,0,0,1,0,0,0,34,1
10_marla/10Marla_GF_FP_049_V04.png,10Marla_GF_FP_049_V04.png,10Marla,GF,FP,49,V04,849,1570,0,1,2,1,0,1,0,1,1,0,0,0,0,1,0,0,1,0,0,0,34,1
10_marla/10Marla_GF_FP_050_V01.png,10Marla_GF_FP_050_V01.png,10Marla,GF,FP,50,V01,849,1570,0,0,4,2,0,1,1,1,1,0,0,0,0,1,0,0,1,0,0,0,29,0
10_marla/10Marla_GF_FP_050_V02.png,10Marla_GF_FP_050_V02.png,10Marla,GF,FP,50,V02,849,1570,0,0,4,2,0,1,1,1,1,0,0,0,0,1,0,0,1,0,0,0,29,0
10_marla/10Marla_GF_FP_050_V03.png,10Marla_GF_FP_050_V03.png,10Marla,GF,FP,50,V03,849,1570,0,0,4,2,0,1,1,1,1,0,0,0,0,1,0,0,1,0,0,0,29,0
10_marla/10Marla_GF_FP_050_V04.png,10Marla_GF_FP_050_V04.png,10Marla,GF,FP,50,V04,849,1570,0,0,4,2,0,1,1,1,1,0,0,0,0,1,0,0,1,0,0,0,29,0
20_marla/20Marla_GF_FP_001_V01.png,20Marla_GF_FP_001_V01.png,20Marla,GF,FP,1,V01,1209,2170,0,0,2,2,1,1,1,1,1,0,1,0,1,1,0,1,0,0,1,1,19,0
20_marla/20Marla_GF_FP_001_V02.png,20Marla_GF_FP_001_V02.png,20Marla,GF,FP,1,V02,1209,2170,0,0,2,2,1,1,1,1,1,0,1,0,1,1,0,1,0,0,1,1,19,0
20_marla/20Marla_GF_FP_001_V03.png,20Marla_GF_FP_001_V03.png,20Marla,GF,FP,1,V03,1209,2170,0,0,2,2,1,1,1,1,1,0,1,0,1,1,0,1,0,0,1,1,19,0
20_marla/20Marla_GF_FP_001_V04.png,20Marla_GF_FP_001_V04.png,20Marla,GF,FP,1,V04,1209,2170,0,0,2,2,1,1,1,1,1,0,1,0,1,1,0,1,0,0,1,1,19,0
20_marla/20Marla_GF_FP_002_V01.png,20Marla_GF_FP_002_V01.png,20Marla,GF,FP,2,V01,1209,2170,0,0,3,3,0,1,2,1,1,0,1,0,1,0,0,1,0,0,0,1,16,1
20_marla/20Marla_GF_FP_002_V02.png,20Marla_GF_FP_002_V02.png,20Marla,GF,FP,2,V02,1209,2170,0,0,3,3,0,1,2,1,1,0,1,0,1,0,0,1,0,0,0,1,16,1
20_marla/20Marla_GF_FP_002_V03.png,20Marla_GF_FP_002_V03.png,20Marla,GF,FP,2,V03,1209,2170,0,0,3,3,0,1,2,1,1,0,1,0,1,0,0,1,0,0,0,1,16,1
20_marla/20Marla_GF_FP_002_V04.png,20Marla_GF_FP_002_V04.png,20Marla,GF,FP,2,V04,1209,2170,0,0,3,3,0,1,2,1,1,0,1,0,1,0,0,1,0,0,0,1,16,1
20_marla/20Marla_GF_FP_003_V01.png,20Marla_GF_FP_003_V01.png,20Marla,GF,FP,3,V01,1209,2170,0,0,2,2,1,1,2,1,1,0,1,0,1,1,0,1,0,0,0,1,16,0
20_marla/20Marla_GF_FP_003_V02.png,20Marla_GF_FP_003_V02.png,20Marla,GF,FP,3,V02,1209,2170,0,0,2,2,1,1,2,1,1,0,1,0,1,1,0,1,0,0,0,1,16,0
20_marla/20Marla_GF_FP_003_V03.png,20Marla_GF_FP_003_V03.png,20Marla,GF,FP,3,V03,1209,2170,0,0,2,2,1,1,2,1,1,0,1,0,1,1,0,1,0,0,0,1,16,0
20_marla/20Marla_GF_FP_003_V04.png,20Marla_GF_FP_003_V04.png,20Marla,GF,FP,3,V04,1209,2170,0,0,2,2,1,1,2,1,1,0,1,0,1,1,0,1,0,0,0,1,16,0
20_marla/20Marla_GF_FP_004_V01.png,20Marla_GF_FP_004_V01.png,20Marla,GF,FP,4,V01,1209,2170,0,0,1,1,1,1,1,1,1,0,1,0,0,1,0,1,0,0,0,1,24,0
20_marla/20Marla_GF_FP_004_V02.png,20Marla_GF_FP_004_V02.png,20Marla,GF,FP,4,V02,1209,2170,0,0,1,1,1,1,1,1,1,0,1,0,0,1,0,1,0,0,0,1,24,0
20_marla/20Marla_GF_FP_004_V03.png,20Marla_GF_FP_004_V03.png,20Marla,GF,FP,4,V03,1209,2170,0,0,1,1,1,1,1,1,1,0,1,0,0,1,0,1,0,0,0,1,24,0
20_marla/20Marla_GF_FP_004_V04.png,20Marla_GF_FP_004_V04.png,20Marla,GF,FP,4,V04,1209,2170,0,0,1,1,1,1,1,1,1,0,1,0,0,1,0,1,0,0,0,1,24,0
20_marla/20Marla_GF_FP_005_V01.png,20Marla_GF_FP_005_V01.png,20Marla,GF,FP,5,V01,1209,2170,0,0,2,2,1,1,0,1,1,0,1,0,0,1,0,2,0,0,0,1,22,0
20_marla/20Marla_GF_FP_005_V02.png,20Marla_GF_FP_005_V02.png,20Marla,GF,FP,5,V02,1209,2170,0,0,2,2,1,1,0,1,1,0,1,0,0,1,0,2,0,0,0,1,22,0
20_marla/20Marla_GF_FP_005_V03.png,20Marla_GF_FP_005_V03.png,20Marla,GF,FP,5,V03,1209,2170,0,0,2,2,1,1,0,1,1,0,1,0,0,1,0,2,0,0,0,1,22,0
20_marla/20Marla_GF_FP_005_V04.png,20Marla_GF_FP_005_V04.png,20Marla,GF,FP,5,V04,1209,2170,0,0,2,2,1,1,0,1,1,0,1,0,0,1,0,2,0,0,0,1,22,0
20_marla/20Marla_GF_FP_006_V01.png,20Marla_GF_FP_006_V01.png,20Marla,GF,FP,6,V01,1209,2170,0,0,2,2,1,1,0,1,1,0,1,0,0,1,0,1,0,0,0,1,20,0
20_marla/20Marla_GF_FP_006_V02.png,20Marla_GF_FP_006_V02.png,20Marla,GF,FP,6,V02,1209,2170,0,0,2,2,1,1,0,1,1,0,1,0,0,1,0,1,0,0,0,1,20,0
20_marla/20Marla_GF_FP_006_V03.png,20Marla_GF_FP_006_V03.png,20Marla,GF,FP,6,V03,1209,2170,0,0,2,2,1,1,0,1,1,0,1,0,0,1,0,1,0,0,0,1,20,0
20_marla/20Marla_GF_FP_006_V04.png,20Marla_GF_FP_006_V04.png,20Marla,GF,FP,6,V04,1209,2170,0,0,2,2,1,1,0,1,1,0,1,0,0,1,0,1,0,0,0,1,20,0
20_marla/20Marla_GF_FP_007_V01.png,20Marla_GF_FP_007_V01.png,20Marla,GF,FP,7,V01,1209,2170,0,0,2,2,0,1,1,1,1,0,1,0,1,1,0,2,0,0,1,1,17,1
20_marla/20Marla_GF_FP_007_V02.png,20Marla_GF_FP_007_V02.png,20Marla,GF,FP,7,V02,1209,2170,0,0,2,2,0,1,1,1,1,0,1,0,1,1,0,2,0,0,1,1,17,1
20_marla/20Marla_GF_FP_007_V03.png,20Marla_GF_FP_007_V03.png,20Marla,GF,FP,7,V03,1209,2170,0,0,2,2,0,1,1,1,1,0,1,0,1,1,0,2,0,0,1,1,17,1
20_marla/20Marla_GF_FP_007_V04.png,20Marla_GF_FP_007_V04.png,20Marla,GF,FP,7,V04,1209,2170,0,0,2,2,0,1,1,1,1,0,1,0,1,1,0,2,0,0,1,1,17,1
20_marla/20Marla_GF_FP_008_V01.png,20Marla_GF_FP_008_V01.png,20Marla,GF,FP,8,V01,1209,2170,0,0,3,3,1,1,3,1,1,0,1,0,1,1,0,1,0,0,0,1,19,0
20_marla/20Marla_GF_FP_008_V02.png,20Marla_GF_FP_008_V02.png,20Marla,GF,FP,8,V02,1209,2170,0,0,3,3,1,1,3,1,1,0,1,0,1,1,0,1,0,0,0,1,19,0
20_marla/20Marla_GF_FP_008_V03.png,20Marla_GF_FP_008_V03.png,20Marla,GF,FP,8,V03,1209,2170,0,0,3,3,1,1,3,1,1,0,1,0,1,1,0,1,0,0,0,1,19,0
20_marla/20Marla_GF_FP_008_V04.png,20Marla_GF_FP_008_V04.png,20Marla,GF,FP,8,V04,1209,2170,0,0,3,3,1,1,3,1,1,0,1,0,1,1,0,1,0,0,0,1,19,0
20_marla/20Marla_GF_FP_009_V01.png,20Marla_GF_FP_009_V01.png,20Marla,GF,FP,9,V01,1209,2170,0,0,3,3,1,1,2,1,1,0,1,0,0,1,0,2,0,0,0,1,15,1
20_marla/20Marla_GF_FP_009_V02.png,20Marla_GF_FP_009_V02.png,20Marla,GF,FP,9,V02,1209,2170,0,0,3,3,1,1,2,1,1,0,1,0,0,1,0,2,0,0,0,1,15,1
20_marla/20Marla_GF_FP_009_V03.png,20Marla_GF_FP_009_V03.png,20Marla,GF,FP,9,V03,1209,2170,0,0,3,3,1,1,2,1,1,0,1,0,0,1,0,2,0,0,0,1,15,1
20_marla/20Marla_GF_FP_009_V04.png,20Marla_GF_FP_009_V04.png,20Marla,GF,FP,9,V04,1209,2170,0,0,3,3,1,1,2,1,1,0,1,0,0,1,0,2,0,0,0,1,15,1
20_marla/20Marla_GF_FP_010_V01.png,20Marla_GF_FP_010_V01.png,20Marla,GF,FP,10,V01,1209,2170,0,0,2,2,1,1,0,1,1,0,1,0,0,1,0,3,0,0,0,1,22,0
20_marla/20Marla_GF_FP_010_V02.png,20Marla_GF_FP_010_V02.png,20Marla,GF,FP,10,V02,1209,2170,0,0,2,2,1,1,0,1,1,0,1,0,0,1,0,3,0,0,0,1,22,0
20_marla/20Marla_GF_FP_010_V03.png,20Marla_GF_FP_010_V03.png,20Marla,GF,FP,10,V03,1209,2170,0,0,2,2,1,1,0,1,1,0,1,0,0,1,0,3,0,0,0,1,22,0
20_marla/20Marla_GF_FP_010_V04.png,20Marla_GF_FP_010_V04.png,20Marla,GF,FP,10,V04,1209,2170,0,0,2,2,1,1,0,1,1,0,1,0,0,1,0,3,0,0,0,1,22,0
